dataset,friedman_stat,p_value,significant_p05
Iris,15.999999999999995,0.003019163651122614,True
Wine,8.738461538461548,0.06797970209802946,False
Breast Cancer,11.872340425531911,0.018326257103301564,True
Titanic,12.968421052631587,0.01143112948910559,True
